TITLE: Bill of Materials
BOM NO: 05-044276-01-e.csv
DATE: 09/27/2019
DESIGN: 02_044276e_top
TEMPLATE: Z:\allegro\v172_site\cdssetup\template.bom
CALLOUT: C:\tmp\20_044276f\worklib\02_044276e_top\bom\044276.callouts

ITEM#,Qty,WW_PN,DESCRIPTION," VALUE",JEDEC_TYPE,TOL,VOLTAGE,WATTAGE,LOCATION,MFG," MFG_PN",HLM_STATUS,STOCKROOM_WL,STOCKROOM_GT,STOCKROOM_LK,STOCKROOM_GBO,STOCKROOM_NSH,CUSTOM_PART,DNI
1,1,08_044276e,PCB,?,?,?,?,?,?,Analog Devices Supplied,08_044276e,N/A,?,?,?,?,?,?,?
2,1,E027150,"CONN-PCB 6POS RECEPTACLE 25MIL SQ POST SINGLE ROW ST, 10MM SOLDER TAIL,  2.54MM PITCH"," SSQ-106-03-T-S",CNSAMTECSSQ-106-XX-X-S,N/A,N/A,N/A,ANALOG,SAMTEC INC.," SSQ-106-03-T-S",REL,N/A,N/A,N/A,N/A,N/A,?,?
4,4,E026560,CAP CER X7R," 0.1UF",C0603,10,16V,N/A,"C1,C7,C26,C30",WURTH ELEKTRONIK," 885012206046",REL,N/A,N/A,N/A,N/A,N/A,?,?
5,2,E026562,CAP CER X7R," 10UF",C0805H60,10,10V,N/A,"C10,C11",WURTH ELEKTRONIK," 885012207026",REL,N/A,N/A,N/A,N/A,N/A,?,?
6,2,E004851,"CAP CER C0G(NP0), GENERAL PURPOSE"," 20pF",C0603,5,100V,N/A,"C12,C14",MURATA," GRM1885C2A200JA01D",REL,A004-0012-061,N/A,N/A,N/A,N/A,?,?
8,2,E027560,"CAP CER X7R, GENERAL PURPOSE"," 0.01UF",C0603,10,10V,N/A,"C28,C29",WURTH ELEKTRONIK," 885012206014",REL,N/A,N/A,N/A,N/A,N/A,?,?
9,1,E028829,CAP CER X7R," 0.22UF",C0603,10,25V,N/A,C8,WURTH ELEKTRONIK," 885012206073",REL,N/A,N/A,N/A,N/A,N/A,?,?
10,1,E026576,CAP CER X7R," 4700PF",C0805-2,10,50V,N/A,C9,WURTH ELEKTRONIK," 885012207090",REL,N/A,N/A,N/A,N/A,N/A,?,?
11,2,E027149,"CONN-PCB 8POS RECEPTACLE 25MIL SQ POST SINGLE ROW ST, 10MM SOLDER TAIL,  2.54MM PITCH"," SSQ-108-03-T-S",CNSAMTECSSQ-108-XX-X-S,N/A,N/A,N/A,"DIGI0,POWER",SAMTEC INC.," SSQ-108-03-T-S",REL,N/A,N/A,N/A,N/A,N/A,?,?
12,1,E027151,"CONN-PCB 10POS RECEPTACLE 25MIL SQ POST SINGLE ROW ST, 10MM SOLDER TAIL, 2.54MM PITCH"," SSQ-110-03-T-S",CNSAMTECSSQ-110-XX-X-S,N/A,N/A,N/A,DIGI1,SAMTEC INC.," SSQ-110-03-T-S",REL,N/A,N/A,N/A,N/A,N/A,?,?
13,3,E033282,"LED GREEN WATER CLEAR, 515NM"," 150060GS75000",LED0603-2,N/A,3.2V,N/A,"DS1,DS2,DS5",WURTH ELEKTRONIK," 150060GS75000",REL,N/A,N/A,N/A,N/A,N/A,?,?
14,2,E027761,"IND FERRITE BEAD, 2OHM MAX DC RESISTANCE, 0.2A"," 1.8K AT 100MEGHZ",L0402,25,N/A,N/A,"E3,E4",TAIYO YUDEN," BKH1005LM182-T",REL,N/A,N/A,N/A,N/A,N/A,?,?
16,2,E033224,RELAY OPTO SPST-NO AC/DC," AQY221R2V",SSOP4H75,N/A,40V,N/A,"K1,K2",PANASONIC," AQY221R2V",REL,N/A,N/A,N/A,N/A,N/A,?,?
17,1,E027198,"CONN-PCB 9POS D-SUB R/A DUAL ROW, 2.77MM PITCH"," 618009231221",CNWURTH618009231221,N/A,N/A,N/A,P1,WURTH ELEKTRONIK," 618009231221",REL,N/A,N/A,N/A,N/A,N/A,?,?
18,3,E027269,"CONN-PCB UNSHROUDED HDR, 6MM POST HEIGHT, 2.54MM PITCH"," 61300311121",CNHDR1X3H340,N/A,N/A,N/A,"P11,P19,P20",WURTH ELEKTRONIK," 61300311121",REL,N/A,N/A,N/A,N/A,N/A,?,?
19,1,E026604,"CONN-PCB 8POS MALE UNSHROUDED HDR 0.64MM SQ POST, 2.54MM PITCH, 6MM POST HEIGHT, 3MM SOLDER TAIL"," 61300821121",CNHDR2X4H340,N/A,N/A,N/A,P2,WURTH ELEKTRONIK," 61300821121",REL,N/A,N/A,N/A,N/A,N/A,?,?
20,2,E026933,"CONN-PCB TERMINAL BLOCK 5.0MM PITCH, 16-26 AWG"," 691213710003",CNWURTH691213710003,N/A,N/A,N/A,"P4,P6",WURTH ELEKTRONIK," 691213710003",REL,N/A,N/A,N/A,N/A,N/A,?,?
21,2,E026587,"CONN-PCB UNSHROUDED HDR, 6MM PIN LENGTH, 2.54MM PITCH"," 613 002 111 21",CNTHMHDR1X2L200W100H344,N/A,N/A,N/A,"P5,P7",WURTH ELEKTRONIK," 613 002 111 21",REL,N/A,N/A,N/A,N/A,N/A,?,?
22,3,E003671,RES PRECISION THICK FILM CHIP R0603," 10K",R0603,1,N/A,1/10W,"R1,R25,R34",PANASONIC," ERJ-3EKF1002V",REL,A003-0032-006,N/A,FEC 911-355,1517_CAB3,7000401,?,?
24,1,E003694,RES PRECISION THICK FILM CHIP R0603," 3.48K",R0603,1,N/A,1/10W,R20,PANASONIC," ERJ-3EKF3481V",REL,A003-0032-039,41816JH1680,N/A,N/A,N/A,?,?
25,2,E003683,RES PRECISION THICK FILM CHIP R0603," 60.4",R0603,1,N/A,1/10W,"R21,R22",PANASONIC," ERJ-3EKF60R4V",REL,A003-0032-018,41816JH534,N/A,N/A,N/A,?,?
26,1,E006826,RES FILM SMD 0603," 0",R0603,5,N/A,1/10W,R3,PANASONIC," ERJ-3GEY0R00V",REL,A003-0038-001,N/A,N/A,N/A,7008623,?,?
27,1,E025981,RES ANTI-SURGE THICK FILM CHIP," 47K",R0603,1,N/A,1/4W,R5,PANASONIC," ERJ-PA3F4702V",REL,N/A,N/A,N/A,N/A,N/A,?,?
29,1,E026559,"IC-ADI 5KV/2.5KV RMS SIGNAL AND PWR ISOLATED CAN TRANSCEIVER FOR CAN-FD, PRELIM"," ADM3055EBRIZ",SO20WBH104,N/A,N/A,?,U1,ANALOG DEVICES," ADM3055EBRIZ",RWC,N/A,N/A,N/A,N/A,N/A,?,?
30,1,E039859,IC EXTERNAL CAN FD CONTROLLER WITH SPI INTERFACE," MCP2518FDT-E/SL",SO14NB-2,N/A,N/A,?,U2,MICROCHIP TECHNOLOGY," MCP2518FDT-E/SL",REL,N/A,N/A,N/A,N/A,N/A,?,?
31,1,E030972,"IC CRYSTAL OSCILLATOR, 20PF LOAD CAPACITANCE"," 40MEGHZ",YSML197W126H33,N/A,N/A,N/A,Y1,"ECS, INC."," ECS-400-20-30B-DU",REL,N/A,N/A,N/A,N/A,N/A,?,?

Callouts File:C:\tmp\20_044276f\worklib\02_044276e_top\bom\044276.callouts
Mechanical Parts
ITEM#,Qty,WW_PN,DESCRIPTION," VALUE",JEDEC_TYPE,TOL,VOLTAGE,WATTAGE,LOCATION,MFG," MFG_PN",HLM_STATUS,STOCKROOM_WL,STOCKROOM_GT,STOCKROOM_LK,STOCKROOM_GBO,STOCKROOM_NSH,CUSTOM_PART,DNI
2,6,M000385,"SOCKET, 0.100, MINI-JUMP ASSY"," ?",N/A,?,?,?,?,FCI," 65474-001LF",REL,A011-0002-038,N/A,N/A,N/A,N/A,?,?


The following components are part of the PCB or are NOT to be installed
ITEM#,Qty,WW_PN,DESCRIPTION," VALUE",JEDEC_TYPE,TOL,VOLTAGE,WATTAGE,LOCATION,MFG," MFG_PN",HLM_STATUS,STOCKROOM_WL,STOCKROOM_GT,STOCKROOM_LK,STOCKROOM_GBO,STOCKROOM_NSH,CUSTOM_PART,DNI
 3,11,E029026,"CONN-PCB TEST POINT, ORANGE"," ORG",CNKEY5001TP,N/A,N/A,N/A,"AUXIN,AUXOUT,CANH,CANL,RXD,STBY,TP19,TP20,TP21,TP22,TXD",KEYSTONE," 5003",REL,N/A,N/A,N/A,N/A,N/A,?,DNI
 7,2,E026562,CAP CER X7R," 10UF",C0805H60,10,10V,N/A,"C2,C3",WURTH ELEKTRONIK," 885012207026",REL,N/A,N/A,N/A,N/A,N/A,?,DNI
 15,1,E027152,"CONN-PCB 6POS RECEPTACLE 25MIL SQ POST DUAL ROW ST, 10MM SOLDER TAIL, 2.54MM PITCH"," SSQ-103-03-T-D",CNSAMTECSSQ-103-XX-X-D,N/A,N/A,N/A,ICSP,SAMTEC INC.," SSQ-103-03-T-D",REL,N/A,N/A,N/A,N/A,N/A,?,DNI
 23,2,E006826,RES FILM SMD 0603," 0",R0603,5,N/A,1/10W,"R2,R4",PANASONIC," ERJ-3GEY0R00V",REL,A003-0038-001,N/A,N/A,N/A,7008623,?,DNI
 28,4,E005347,CONN-PCB TST PNT BLK," BLK",CNKEY5001TP,N/A,N/A,N/A,"TP13,TP14,TP15,TP17",KEYSTONE ELECTRONICS," 5001",REL,ADD_TO_STOCK1,42009JH001,N/A,N/A,6001621,?,DNI

